﻿<?xml version="1.0" encoding="utf-8" standalone="no" ?>
<vehicle type="pallet" xmlns:xsi="http://www.w3.org/2001/XMLSchema-instance" xsi:noNamespaceSchemaLocation="../../../../shared/xml/schema/vehicle.xsd">
    <storeData>
        <name>
            <en>Liquid Lime</en>
        </name>
        <functions>
            <function>$l10n_function_liquidlimepallet</function>
        </functions>
        <specs>
            <capacity>2000</capacity>
            <fillTypes>LiquidLime</fillTypes>
            <weight ignore="false"/>
        </specs>
        <image>objects/LiquidLimePallet/LiquidLimePallet.dds</image>
        <price>650</price>
        <allowLeasing>false</allowLeasing>
        <canBeSold>false</canBeSold>
        <rotation>0</rotation>
        <brand>FearlessModding</brand>
        <category>pallets</category>
        <financeCategory>OTHER</financeCategory>
        <shopHeight>1.5</shopHeight>
        <vertexBufferMemoryUsage>190464</vertexBufferMemoryUsage>
        <indexBufferMemoryUsage>39680</indexBufferMemoryUsage>
        <textureMemoryUsage>2031616</textureMemoryUsage>
        <instanceVertexBufferMemoryUsage>0</instanceVertexBufferMemoryUsage>
        <instanceIndexBufferMemoryUsage>0</instanceIndexBufferMemoryUsage>
        <storeIconRendering>
            <settings cameraXRot="-15" cameraYRot="35"/>
        </storeIconRendering>
        <audioMemoryUsage>0</audioMemoryUsage>
    </storeData>
    <base>
        <typeDesc>TBH</typeDesc>
        <filename>objects/LiquidLimePallet/LiquidLimePallet.i3d</filename>
        <size width="1.5" length="1.25"/>
        <input allowed="false"/>
        <canBeReset>false</canBeReset>
        <components maxMass="850">
            <component centerOfMass="0 0.375 0" solverIterationCount="40" mass="150"/>
        </components>
        <showInVehicleMenu>false</showInVehicleMenu>
        <mapHotspot available="false"/>
    </base>
    <animations>
        <animation name="fillLevelAnimation">
            <part node="waterCanisters0" startTime="8" endTime="9" shaderParameter="hideByIndex" shaderStartValues="5 0 0 0" shaderEndValues="0 0 0 0"/>
            <part node="waterCanisters1" startTime="7" endTime="8" shaderParameter="hideByIndex" shaderStartValues="5 0 0 0" shaderEndValues="0 0 0 0"/>
            <part node="waterCanisters2" startTime="6" endTime="7" shaderParameter="hideByIndex" shaderStartValues="5 0 0 0" shaderEndValues="0 0 0 0"/>
            <part node="waterCanisters3" startTime="5" endTime="6" shaderParameter="hideByIndex" shaderStartValues="5 0 0 0" shaderEndValues="0 0 0 0"/>
            <part node="waterCanisters4" startTime="4" endTime="5" shaderParameter="hideByIndex" shaderStartValues="5 0 0 0" shaderEndValues="0 0 0 0"/>
            <part node="waterCanisters5" startTime="3" endTime="4" shaderParameter="hideByIndex" shaderStartValues="5 0 0 0" shaderEndValues="0 0 0 0"/>
            <part node="waterCanisters6" startTime="2" endTime="3" shaderParameter="hideByIndex" shaderStartValues="5 0 0 0" shaderEndValues="0 0 0 0"/>
            <part node="waterCanisters7" startTime="1" endTime="2" shaderParameter="hideByIndex" shaderStartValues="5 0 0 0" shaderEndValues="0 0 0 0"/>
            <part node="waterCanisters8" startTime="0" endTime="1" shaderParameter="hideByIndex" shaderStartValues="5 0 0 0" shaderEndValues="0 0 0 0"/>
        </animation>
    </animations>
    <fillUnit>
        <fillUnitConfigurations>
            <fillUnitConfiguration>
                <fillUnits removeVehicleIfEmpty="true">
                    <fillUnit unitTextOverride="$l10n_unit_literShort" fillTypes="LIQUIDLIME" capacity="3000" startFillType="LIQUIDLIME" startFillLevel="3000" ignoreFillLimit="true">
                        <fillLevelAnimation name="fillLevelAnimation"/>
                        <fillRootNode node="0>"/>
                    </fillUnit>
                </fillUnits>
            </fillUnitConfiguration>
        </fillUnitConfigurations>
    </fillUnit>

    <dischargeable requiresTipOcclusionArea="false"/>

    <fillTriggerVehicle triggerNode="fillTrigger" fillUnitIndex="1" litersPerSecond="200"/>

    <tensionBeltObject>
        <meshNodes>
            <meshNode node="tensionBeltMesh"/>
        </meshNodes>
    </tensionBeltObject>

    <dynamicMount triggerNode="dynamicMountTrigger" triggerForceAcceleration="6" additionalMountDistance="0.55" jointTransY="0.11" jointLimitToRotY="true"/>
    
    <i3dMappings>
        <i3dMapping id="waterCanisters0" node="0>0|0|0"/>
        <i3dMapping id="waterCanisters1" node="0>0|0|1"/>
        <i3dMapping id="waterCanisters2" node="0>0|0|2"/>
        <i3dMapping id="waterCanisters3" node="0>0|0|3"/>
        <i3dMapping id="waterCanisters4" node="0>0|0|4"/>
        <i3dMapping id="waterCanisters5" node="0>0|0|5"/>
        <i3dMapping id="waterCanisters6" node="0>0|0|6"/>
        <i3dMapping id="waterCanisters7" node="0>0|0|7"/>
        <i3dMapping id="waterCanisters8" node="0>0|0|8"/>
        <i3dMapping id="dynamicMountTrigger" node="0>0|1"/>
        <i3dMapping id="fillTrigger" node="0>0|2"/>
        <i3dMapping id="tensionBeltMesh" node="0>0|3"/>
    </i3dMappings>
</vehicle>
